{"graph": {"_type": "graph-file", "sha256": "b5783806ef96b7429cce52e61f452df3185aef649ed929f3fcf71dc11386005a", "size": 3371, "path": "media/graph/graph_summary_b5783806ef96b7429cce.graph.json"}, "epoch": 5, "_timestamp": 1704919086.8608205, "loss": 1.7598146200180054, "accuracy": 0.47301217913627625, "val_loss": 2.172476291656494, "val_accuracy": 0.4327389597892761, "_runtime": 166.78999662399292, "_step": 5, "best_val_loss": 2.172476291656494, "best_epoch": 5}