{"graph": {"_type": "graph-file", "sha256": "b5783806ef96b7429cce52e61f452df3185aef649ed929f3fcf71dc11386005a", "size": 3371, "path": "media/graph/graph_summary_b5783806ef96b7429cce.graph.json"}, "epoch": 9, "_timestamp": 1704919202.0279205, "loss": 1.4849917888641357, "accuracy": 0.5811764001846313, "val_loss": 2.122588634490967, "val_accuracy": 0.464631050825119, "_runtime": 281.9570965766907, "_step": 10, "best_val_loss": 1.9932689666748047, "best_epoch": 8, "test_loss": 2.2708899974823, "test_accuracy": 0.4398289918899536, "_wandb": {"runtime": 281}}