{"graph": {"_type": "graph-file", "sha256": "982c2c8d3e0b8c06c60fde4ef7b3ae0a12d738b78220e59dd59f42fc51415705", "size": 1398, "path": "media/graph/graph_summary_982c2c8d3e0b8c06c60f.graph.json"}, "epoch": 9, "_timestamp": 1704815048.3178997, "loss": 1.5009962320327759, "accuracy": 0.5449694395065308, "val_loss": 2.2021379470825195, "val_accuracy": 0.47349563241004944, "_runtime": 272.15410566329956, "_step": 9, "best_val_loss": 2.138007164001465, "best_epoch": 8}