{"graph": {"_type": "graph-file", "sha256": "ab856d544cacb92b7339df76761b02d1d33e859a7a2690e61cc5dd9245c079bb", "size": 8347, "path": "media/graph/graph_summary_ab856d544cacb92b7339.graph.json"}, "epoch": 9, "_timestamp": 1704920045.9470866, "loss": 0.957933783531189, "accuracy": 0.7360038161277771, "val_loss": 1.9950469732284546, "val_accuracy": 0.6163849830627441, "_runtime": 349.9350244998932, "_step": 10, "best_val_loss": 1.9950469732284546, "best_epoch": 9, "test_loss": 2.1535894870758057, "test_accuracy": 0.5314475893974304, "_wandb": {"runtime": 349}}