{"graph": {"_type": "graph-file", "sha256": "85340f405f429a2a6e76f03cd3783f6e3a5197b91b62188f1e980497c7aa9fa3", "size": 3355, "path": "media/graph/graph_summary_85340f405f429a2a6e76.graph.json"}, "epoch": 9, "_timestamp": 1704918069.7052088, "loss": 1.4337151050567627, "accuracy": 0.5973318815231323, "val_loss": 1.9345790147781372, "val_accuracy": 0.5377452969551086, "_runtime": 288.85886573791504, "_step": 10, "best_val_loss": 1.9345790147781372, "best_epoch": 9, "test_loss": 2.0617477893829346, "test_accuracy": 0.45871037244796753, "_wandb": {"runtime": 288}}