{"graph": {"_type": "graph-file", "sha256": "2678751f8b4528783235348fe5452f67473f5f1f761e985f6f2e123bc0a212f3", "size": 1158, "path": "media/graph/graph_summary_2678751f8b4528783235.graph.json"}, "epoch": 2, "_timestamp": 1704916111.489079, "loss": 1.9230165481567383, "accuracy": 0.4245491623878479, "val_loss": 2.3239307403564453, "val_accuracy": 0.38336825370788574, "_runtime": 71.96860909461975, "_step": 2, "best_val_loss": 2.3239307403564453, "best_epoch": 2}