{"graph": {"_type": "graph-file", "sha256": "54ca3b74152a0e5ed834a8e03bc2fc5e15e04c6780198be2c82bae1d3a95a1b2", "size": 1093, "path": "media/graph/graph_summary_54ca3b74152a0e5ed834.graph.json"}, "epoch": 9, "_timestamp": 1704814427.2349346, "loss": 1.5455409288406372, "accuracy": 0.5315410494804382, "val_loss": 2.28031587600708, "val_accuracy": 0.41872069239616394, "_runtime": 252.33272767066956, "_step": 9, "best_val_loss": 2.232189416885376, "best_epoch": 8}