{"graph": {"_type": "graph-file", "sha256": "3ea3b2cf3eb7fe5520a759ff7f9a626afab51fa4208492652525ac155a224f21", "size": 8419, "path": "media/graph/graph_summary_3ea3b2cf3eb7fe5520a7.graph.json"}, "epoch": 15, "_timestamp": 1704922290.4192781, "loss": 0.49288928508758545, "accuracy": 0.8572810888290405, "val_loss": 0.5885568857192993, "val_accuracy": 0.8453848958015442, "_runtime": 1802.184522151947, "_step": 16, "best_val_loss": 0.5731263160705566, "best_epoch": 12, "test_loss": 1.5936100482940674, "test_accuracy": 0.6498302817344666, "_wandb": {"runtime": 1800}}