{"graph": {"_type": "graph-file", "sha256": "982c2c8d3e0b8c06c60fde4ef7b3ae0a12d738b78220e59dd59f42fc51415705", "size": 1398, "path": "media/graph/graph_summary_982c2c8d3e0b8c06c60f.graph.json"}, "epoch": 9, "_timestamp": 1704915822.5656524, "loss": 1.552531123161316, "accuracy": 0.5271264910697937, "val_loss": 2.1195273399353027, "val_accuracy": 0.47779759764671326, "_runtime": 272.93818640708923, "_step": 10, "best_val_loss": 2.1195273399353027, "best_epoch": 9, "test_loss": 2.2286252975463867, "test_accuracy": 0.4056403934955597, "_wandb": {"runtime": 272}}