{"graph": {"_type": "graph-file", "sha256": "87561d80b6d339f1ff1dc6bd5fcfd1dcda472abefb488e4bbbb50261a36202af", "size": 1375, "path": "media/graph/graph_summary_87561d80b6d339f1ff1d.graph.json"}, "epoch": 9, "_timestamp": 1704917650.5848377, "loss": 1.6088937520980835, "accuracy": 0.5126122832298279, "val_loss": 2.331879138946533, "val_accuracy": 0.4516546428203583, "_runtime": 247.87971568107605, "_step": 10, "best_val_loss": 2.331879138946533, "best_epoch": 9, "test_loss": 2.185093402862549, "test_accuracy": 0.40655338764190674, "_wandb": {"runtime": 246}}